<?xml version="1.0" encoding="utf-8"?>
<window type="dialog">
    <allowoverlay>no</allowoverlay>
    <defaultcontrol always="true">7000</defaultcontrol>
    <coordinates>
        <system>1</system>
        <posx>720</posx>
        <posy>0</posy>
    </coordinates>
    <animation effect="slide" start="560,0" end="0,0" time="250">WindowOpen</animation>
    <animation effect="slide" start="0,0" end="560,0" time="250">WindowClose</animation>
    <controls>
        <control type="label" id="7001">
            <description>visibility marker for selection box</description>
        </control>


        <control type="image">
            <posx>0</posx>
            <posy>0</posy>
            <width>400</width>
            <height>720</height>
            <texture>tvguide-glasspane.png</texture>
        </control>
        <control type="image">
            <posx>0</posx>
            <posy>0</posy>
            <width>560</width>
            <height>720</height>
            <texture>tvguide-glasspane.png</texture>
        </control>

        <control type="group">
            <posx>-560</posx>
            <posy>320</posy>
            <width>560</width>
            <height>38</height>
            <visible>!Control.IsVisible(7001)</visible>
            <animation type="Visible">
                <effect type="slide" start="560,0" end="0,0" time="500" />
            </animation>
            <animation type="Hidden">
                <effect type="slide" start="0,0" end="560,0" time="500" />
            </animation>

            <control type="image">
                <posx>0</posx>
                <posy>0</posy>
                <width>560</width>
                <height>160</height>
                <texture>tvguide-glasspane.png</texture>
            </control>
            <control type="image">
                <posx>0</posx>
                <posy>0</posy>
                <width>560</width>
                <height>160</height>
                <texture>tvguide-glasspane.png</texture>
            </control>

            <control type="image">
                <posx>12</posx>
                <posy>20</posy>
                <width>16</width>
                <height>40</height>
                <texture>tvguide-channel-updownarrow.png</texture>
            </control>
            <control type="image">
                <posx>40</posx>
                <posy>20</posy>
                <width>500</width>
                <height>38</height>
            </control>
            <control type="button" id="7002">
                <posx>36</posx>
                <posy>20</posy>
                <width>500</width>
                <height>38</height>
                <aligny>center</aligny>
                <font>font13</font>
                <textcolor>ffffffff</textcolor>
                <label>text</label>
                <texturefocus>tvguide-program-grey-focus.png</texturefocus>
                <texturenofocus>tvguide-program-grey.png</texturenofocus>
            </control>
            <control type="label">
                <posx>36</posx>
                <posy>70</posy>
                <width>500</width>
                <height>60</height>
                <font>font13</font>
                <textcolor>ffffffff</textcolor>
                <label>$ADDON[script.wissamlivetv 30310]</label>
            </control>
        </control>

        <control type="label">
            <posx>20</posx>
            <posy>20</posy>
            <width>520</width>
            <height>40</height>
            <align>center</align>
            <aligny>center</aligny>
            <font>font13</font>
            <textcolor>ffffffff</textcolor>
            <label>$ADDON[script.wissamlivetv 30310]</label>
        </control>
        <control type="list" id="7000">
            <posx>20</posx>
            <posy>60</posy>
            <width>520</width>
            <height>560</height>
            <viewtype label="list">list</viewtype>
            <orientation>vertical</orientation>
            <focusposition>7</focusposition>
            <onright>7002</onright>
            <onleft>7002</onleft>
            <itemlayout width="520" height="40">
                <control type="image">
                    <posx>0</posx>
                    <posy>0</posy>
                    <width>520</width>
                    <height>38</height>
                    <texture>tvguide-program-grey.png</texture>
                </control>
                <control type="label">
                    <posx>16</posx>
                    <posy>0</posy>
                    <width>450</width>
                    <height>38</height>
                    <aligny>center</aligny>
                    <font>font13</font>
                    <textcolor>ffffffff</textcolor>
                    <info>ListItem.Label</info>
                </control>
                <control type="image">
                    <posx>470</posx>
                    <posy>0</posy>
                    <width>40</width>
                    <height>40</height>
                    <info>ListItem.Icon</info>
                </control>
            </itemlayout>
            <focusedlayout width="520" height="40">
                <control type="image">
                    <posx>0</posx>
                    <posy>0</posy>
                    <width>520</width>
                    <height>38</height>
                    <texture>tvguide-program-grey-focus.png</texture>
                    <visible>Control.HasFocus(7000)</visible>
                </control>
                <control type="label">
                    <posx>16</posx>
                    <posy>0</posy>
                    <width>450</width>
                    <height>38</height>
                    <aligny>center</aligny>
                    <font>font13</font>
                    <textcolor>ffffffff</textcolor>
                    <label>[B]$INFO[ListItem.Label][/B]</label>
                </control>
                <control type="image">
                    <posx>470</posx>
                    <posy>0</posy>
                    <width>40</width>
                    <height>40</height>
                    <info>ListItem.Icon</info>
                </control>
            </focusedlayout>
        </control>

        <control type="button" id="7002">
            <posx>70</posx>
            <posy>640</posy>
            <width>200</width>
            <height>40</height>
            <align>center</align>
            <aligny>center</aligny>
            <font>font13</font>
            <textcolor>ffffffff</textcolor>
            <label>$ADDON[script.wissamlivetv 30311]</label>
            <texturefocus>tvguide-program-grey-focus.png</texturefocus>
            <texturenofocus>tvguide-program-grey.png</texturenofocus>
            <onleft>7000</onleft>
            <onright>7003</onright>
            <onup>7000</onup>
        </control>
        <control type="button" id="7003">
            <posx>290</posx>
            <posy>640</posy>
            <width>200</width>
            <height>40</height>
            <align>center</align>
            <aligny>center</aligny>
            <font>font13</font>
            <textcolor>ffffffff</textcolor>
            <label>$ADDON[script.wissamlivetv 30312]</label>
            <texturefocus>tvguide-program-grey-focus.png</texturefocus>
            <texturenofocus>tvguide-program-grey.png</texturenofocus>
            <onleft>7002</onleft>
            <onright>7002</onright>
            <onup>7000</onup>
        </control>

    </controls>
</window>