<?xml version="1.0" encoding="UTF-8" standalone="yes"?>
<addon id="repository.Wissam-XBMC-Repo" name="Wissam-XBMC-Repo" version="1.0.1" provider-name="Wissam">
	<extension point="xbmc.addon.repository" name="Wissam-XBMC-Repo-1.0.1">
		<info compressed="false">https://github.com/WissamHDTV/Wissam-XBMC-Repo/raw/master/addons.xml</info>
		<checksum>https://github.com/WissamHDTV/Wissam-XBMC-Repo/raw/master/addons.xml.md5</checksum>
		<datadir zip="true">https://github.com/WissamHDTV/Wissam-XBMC-Repo/raw/master/zips</datadir>
	</extension>
	<extension point="xbmc.addon.metadata">
		<summary>Install my Addons</summary>
		<description>Download and install addons from WissamLiveTV</description>
		<platform>all</platform>
	</extension>
</addon>

